iter	Logloss
0	0.572704277
1	0.4601400757
2	0.3907411194
3	0.3313150406
4	0.2749850273
5	0.2358956337
6	0.2019802094
7	0.1744758606
8	0.15143507
9	0.1322926712
10	0.1178029442
11	0.1023437977
12	0.09067113876
13	0.0789805603
14	0.07067655563
15	0.06035516739
16	0.05477218628
17	0.04882668018
18	0.04333995342
19	0.03857712746
20	0.03474123001
21	0.03133522034
22	0.02819075346
23	0.02493567944
24	0.02243823528
25	0.0204786706
