iter	Logloss
0	0.570608139
1	0.4579945374
2	0.380966568
3	0.3269115067
4	0.2732338333
5	0.2332065582
6	0.1990213585
7	0.173116684
8	0.1498631096
9	0.1271965694
10	0.1086519814
11	0.09489059448
12	0.08279862404
13	0.07316648483
14	0.06542282104
15	0.05636526585
16	0.04948325157
17	0.04493058205
18	0.03925842285
19	0.03505162954
20	0.03199392319
21	0.02783035278
22	0.0245239234
23	0.0218783164
24	0.02015464306
25	0.01862550735
