iter	Logloss
0	0.5627458572
1	0.4746308136
2	0.3987495804
3	0.3343624496
4	0.2761277962
5	0.2389360428
6	0.2003091431
7	0.1705121422
8	0.1381033707
9	0.1205436325
10	0.1037231445
11	0.09179691315
12	0.07958127499
13	0.07153950691
14	0.06249647617
15	0.05437242985
16	0.04831326485
17	0.0424090004
18	0.03836151123
19	0.03437170744
20	0.03018517733
21	0.02726840496
22	0.02460995197
23	0.02173852444
24	0.01970180035
25	0.01788971543
26	0.01565849781
